Node,Community
med,1
magnet,1
present,1
inﬂuenc,1
obvious,1
medial,1
model,1
prematur,1
project,1
instrument,1
research,1
listen,1
interact,1
situat,1
oneach,1
empathi,1
least,1
chainneurobiologyneuropsychologycommun,1
even,1
sinc,1
ar,1
address,1
pk,1
cardiovascular,1
style,1
establish,1
accept,1
paradigm,1
vollm,1
noncompli,1
325research,1
ba,1
outsid,1
ﬁeld,1
brain,1
alter,1
want,1
primari,1
experiment,1
empir,1
three,1
behavior,1
literatur,1
enhanc,1
lower,1
exposur,1
questionnair,1
along,1
distinct,1
valu,1
cogn,1
area,1
hold,1
submittedfor,1
lpfc,1
reason,1
nuat,1
dobson,1
traumat,1
distress,1
anger,1
recent,1
high,1
worri,1
se,1
individu,1
shortcut,1
formal,1
bilater,1
better,1
closer,1
thedisclosur,1
digit,1
unnecessari,1
intern,1
rizzolatti,1
eral,1
examin,1
investig,1
case,1
write,1
get,1
trait,1
underli,1
biol,1
cortex,1
way,1
somat,1
imit,1
one,1
featur,1
anterior,1
feel,1
view,1
valid,1
public,1
outcom,1
reward,1
balancebetween,1
activ,1
chain,1
therapi,1
number,1
effect,1
appoint,1
sh,1
pract,1
phan,1
repres,1
train,1
cancer,1
practicevalu,1
pain,1
valenc,1
although,1
convey,1
kim,1
relationsgener,1
fact,1
intend,1
conceptu,1
may,1
gain,1
similar,1
open,1
j,1
character,1
follow,1
326rapport,1
perceprt,1
omit,1
explicit,1
event,1
spontan,1
review,1
siolog,1
relat,1
place,1
speciﬁc,1
macaqu,1
formul,1
term,1
efﬁcienc,1
aliteratur,1
decreas,1
coun,1
involv,1
dimens,1
toolbox,1
doctor,1
marit,1
optim,1
nomura,1
circuitri,1
toward,1
element,1
might,1
known,1
phenomena,1
quickli,1
mean,1
separ,1
coronari,1
lizat,1
pattern,1
diagnos,1
caution,1
beyond,1
link,1
seem,1
accord,1
select,1
preferenti,1
consid,1
alexithym,1
neuroreport,1
highli,1
written,1
code,1
invit,1
task,1
dresner,1
ohira,1
g,1
psychiatr,1
carlsson,1
later,1
pressman,1
expect,1
integr,1
paper,1
respond,1
isowa,1
simpl,1
favour,1
grifﬁth,1
origin,1
attempt,1
emot,1
identiﬁc,1
abil,1
health,1
guid,1
visit,1
nonverb,1
use,1
would,1
given,1
modulatori,1
moreov,1
let,1
disput,1
mani,1
journal,1
strictli,1
consequ,1
associ,1
dorsal,1
introduct,1
attenu,1
therebi,1
particular,1
promin,1
step,1
facilit,1
explor,1
system,1
specifi,1
concern,1
empath,1
observ,1
attent,1
subserv,1
asfundament,1
physiolog,1
benedetti,1
criteria,1
premotor,1
identifi,1
role,1
accuraci,1
homepag,1
indic,1
desir,1
construct,1
interestingli,1
inhibit,1
text,1
stuck,1
automat,1
grief,1
unbalanc,1
certain,1
rapport,1
parallel,1
thea,1
tress,1
languag,1
fam,1
perform,1
part,1
differ,1
kl,1
ultim,1
discuss,1
mention,1
also,1
taken,1
ichikawa,1
work,1
per,1
w,1
broadli,1
therefor,1
psychotherapi,1
couns2005,1
editor,1
acknowledg,1
studi,1
ann,1
enck,1
immedi,1
commun,1
becom,1
curriculum,1
psychol,1
claim,1
abnorm,1
impli,1
relationshipbetween,1
adv,1
good,1
neurobiolog,1
psycholog,1
anoth,1
cue,1
brieﬂi,1
tri,1
surpris,1
elabor,1
abl,1
emphas,1
speciﬁ,1
speed,1
recoveri,1
statement,1
signal,1
suchman,1
mechan,1
serious,1
regul,1
324but,1
posit,1
reapprais,1
intens,1
look,1
behaviour,1
nucleu,1
disrupt,1
rev,1
end,1
profoundli,1
adher,1
differenti,1
like,1
come,1
graugaard,1
encount,1
buffer,1
lead,1
clinic,1
reliabl,1
intermedi,1
other,1
patient,1
mobil,1
hamann,1
anxieti,1
answer,1
acc,1
process,1
dacc,1
basic,1
ﬁnd,1
ick,1
amygdala,1
manipul,1
diverg,1
go,1
iti,1
vmpfc,1
teach,1
nicat,1
thu,1
motor,1
chosen,1
sexpress,1
propos,1
true,1
verbal,1
arnstein,1
exert,1
agre,1
common,1
intent,1
refus,1
explain,1
social,1
depart,1
incred,1
knudsen,1
talk,1
sens,1
express,1
third,1
327both,1
porter,1
resolv,1
current,1
contagion,1
328effect,1
deﬁn,1
characteris,1
measur,1
aim,1
strong,1
main,1
ispropos,1
promot,1
design,1
quarterly2001,1
appl,1
suggest,1
gen,1
necessari,1
import,1
quit,1
show,1
trainingabstract,1
reveal,1
tayloran,1
interview,1
motiv,1
function,1
holgersen,1
markowitsch,1
schedlowski,1
ad,1
richman,1
medic,1
affect,1
longer,1
f,1
trond,1
neuroscientiﬁc,1
interchang,1
utilis,1
engag,1
repli,1
video,2
sequenc,2
found,2
voluntari,2
see,2
document,2
avalu,2
said,2
tendenc,2
occur,2
consult,2
method,2
neurobehavior,2
trainabl,2
gestur,2
less,2
kd,2
viewpoint,2
must,2
efﬁcient,2
illustr,2
purpos,2
summar,2
kind,2
greater,2
bertaki,2
spite,2
ongo,2
give,2
back,2
seen,2
care,2
ideal,2
clin,2
hint,2
therapist,2
suffer,2
call,2
cognit,2
increas,2
donecr,2
respons,2
ﬁnding,2
lancet,2
mauksch,2
focus,2
much,2
pictur,3
neg,3
movement,4
mirror,4
fmri,5
region,5
prefront,5
